filename,author,source_url,license
cat.jpg,Edgar,https://unsplash.com/photos/brown-tabby-kitten-sitting-on-floor-nKC772R_qog,Unsplash License
redfox.jpg,Ray Hennessy,https://unsplash.com/photos/brown-fox-on-snow-field-xUUZcpQlqpM,Unsplash License
deer.jpg,Laura College,https://unsplash.com/photos/selective-focus-photography-of-brown-deer-standing-on-green-grass-field-during-daytime-K_Na5gCmh38,Unsplash License
car.jpg,Josh Berquist,https://unsplash.com/photos/gray-mercedes-benz-coupe-on-black-asphalt-road-during-daytime-_4sWbzH5fp8,Unsplash License
plane.jpg,John McArthur,https://unsplash.com/photos/air-canada-airline-X_MOr6oa4-k,Unsplash License
boat.jpg,Nick,https://unsplash.com/photos/red-and-white-boat-on-sea-during-daytime-ElDn5SmTmB4,Unsplash License
basketball.jpg,Kylie Osullivan,https://unsplash.com/photos/brown-and-black-basketball-ball-BfaBLVCBTI8,Unsplash License
chair.jpg,Suchit Poojari,https://unsplash.com/photos/black-and-brown-wooden-chair-ljRiZl00n18,Unsplash License
bed.jpg,Zulian Firmansyah,https://unsplash.com/photos/a-bed-with-a-white-cover-and-pillows-on-top-of-it-3AvEi1EoIyM,Unsplash License
tree.jpg,niko photos,https://unsplash.com/photos/green-leaf-tree-under-blue-sky-tGTVxeOr_Rs,Unsplash License
cactus.jpg,Alex Furgiuele,https://unsplash.com/photos/cactus-plant-UkH7L-aag8A,Unsplash License
grass.jpg,Ochir-Erdene Oyunmedeg,https://unsplash.com/photos/close-photo-of-green-grass-LmyPLbbUWhA,Unsplash License
flower.jpg,Paul Green,https://unsplash.com/photos/close-up-photo-of-common-sunflower-5lRxNLHfZOY,Unsplash License
pants.jpg,Matthew Moloney,https://unsplash.com/photos/blue-denim-jeans-on-white-textile-YeGao3uk8kI,Unsplash License
t-shirt.jpg,Ryan Hoffman,https://unsplash.com/photos/black-crew-neck-t-shirt-6Nub980bI3I,Unsplash License
hat.jpg,Yang Deng,https://unsplash.com/photos/gray-baseball-cap-on-white-surface-2loKxdi6Hmo,Unsplash License
jacket.jpg,CGXL MEDIA,https://unsplash.com/photos/a-white-puffer-jacket-hanging-in-a-store-window-92_tCTr9rtw,Unsplash License
phone.jpg,Oscar Nord,https://unsplash.com/photos/space-gray-iphone-6-on-white-textile-8l9VxXI28tY,Unsplash License
laptop.jpg,Howard Bouchevereau,https://unsplash.com/photos/open-macbook-air-on-wooden-desk-RSCirJ70NDM,Unsplash License
camera.jpg,Andrew Hutchings,https://unsplash.com/photos/black-canon-eos-rebel-series-dslr-camera-W2Dta_Yiwfw,Unsplash License
microphone.jpg,DESIGNECOLOGIST,https://unsplash.com/photos/black-and-gray-corded-microphone-hvgd0ygXuQQ,Unsplash License
water.jpg,Noppadon Manadee,https://unsplash.com/photos/white-and-blue-labeled-disposable-bottled-water-g016_NJoOUk,Unsplash License
juice.jpg,ABHISHEK HAJARE,https://unsplash.com/photos/orange-juice-in-clear-drinking-glass-kkrXVKK-jhg,Unsplash License
coffee.jpg,Fahmi Fakhrudin,https://unsplash.com/photos/person-making-latte-art-nzyzAUsbV0M,Unsplash License
tea.jpg,Sabri Tuzcu,https://unsplash.com/photos/person-holding-teapot-pouring-up-on-glass-mug-OVlFXzeAoqQ,Unsplash License
tiger.jpg,Leon Aschemann,https://www.pexels.com/photo/im-reich-des-tigers-27834738/,Pexels License
owl.jpg,Mehmet Turgut Kirkgoz,https://www.pexels.com/photo/close-up-shot-of-a-eurasian-eagle-owl-13681325/,Pexels License
wolf.jpg,Natarajan M,https://www.pexels.com/photo/brown-wolfs-on-brown-sand-12859255/,Pexels License
squirrel.jpg,Suki Lee,https://www.pexels.com/photo/squirrel-on-ground-17358883/,Pexels License
horse.jpg,kübra zehra,https://www.pexels.com/photo/close-up-photo-of-a-brown-horse-14469929/,Pexels License
motorcycle.jpg,Sajal Niraula,https://www.pexels.com/photo/adventure-motorcycling-on-a-nepalese-trail-35538682/,Pexels License
train.jpg,Katia Miasoed,https://www.pexels.com/photo/train-on-railway-station-17845090/,Pexels License
bus.jpg,ConfinedRiley,https://www.pexels.com/photo/city-bus-on-road-11024824/,Pexels License
truck.jpg,Alexander,https://www.pexels.com/photo/fuel-truck-9739039/,Pexels License
cabinet.jpg,Naveen Sahu,https://www.pexels.com/photo/a-cabinet-with-colorful-drawers-6395828/,Pexels License
stool.jpg,Sofia Guzeva,https://www.pexels.com/photo/stylish-outdoor-bar-stools-in-a-row-38773413/,Pexels License
desk.jpg,Ron Lach,https://www.pexels.com/photo/desk-with-office-supplies-10567168/,Pexels License
bookshelf.jpg,Sóc Năng Động,https://www.pexels.com/photo/bookshelf-with-various-books-in-bright-room-33283884/,Pexels License
bush.jpg,Adrien Olichon,https://www.pexels.com/photo/photograph-of-green-bushes-14975227/,Pexels License
wheat.jpg,Darya Grey_Owl,https://www.pexels.com/photo/wheat-on-field-10150971/,Pexels License
bamboo.jpg,ROMAN ODINTSOV,https://www.pexels.com/photo/bamboo-trees-8266147/,Pexels License
gloves.jpg,Natalia Sevruk,https://www.pexels.com/photo/close-up-of-black-glove-holding-snowflakes-35591365/,Pexels License
shoes.jpg,adanvdo,https://www.pexels.com/photo/black-shoes-on-a-white-background-8079829/,Pexels License
belt.jpg,Shivam Patil,https://www.pexels.com/photo/colorful-leather-belts-on-dark-background-31959214/,Pexels License
printer.jpg,Engin Akyurt,https://www.pexels.com/photo/white-and-black-photocopier-machine-11833899/,Pexels License
gamingconsole.jpg,Prashant pacific,https://www.pexels.com/photo/gaming-console-and-controllers-in-ambient-light-38413087/,Pexels License
headphones.jpg,Caleb Oquendo,https://www.pexels.com/photo/black-headphones-on-white-surface-7772548/,Pexels License
soda.jpg,Ron Lach,https://www.pexels.com/photo/a-cola-on-a-drinking-glass-with-ice-cubes-8879626/,Pexels License
milk.jpg,Pixabay,https://www.pexels.com/photo/clear-milk-glass-236010/,Pexels License
smoothie.jpg,Farhad Ibrahimzade,https://www.pexels.com/photo/smoothies-and-a-sliced-of-cake-on-a-silver-tray-8743857/,Pexels License